ctry,country,ue,eu,uemployment_benefits,ssc_employee,ssc_employer
FRA,France,.043868586,.0045851003,67.055557,13.645119,41.581749
DEU,Germany,.07742811,.0059554679,60.055557,20.767763,19.917763
ITA,Italy,.05820113,.0062548672,58.287037,9.3794737,32.427368
PRT,Portugal,.058792252,.0052567385,79.277779,11,23.75
ESP,Spain,.087147005,.016648082,59.222221,6.3499999,30.18421
USA,United States,.32496241,.022580698,47.314816,7.4394736,8.6746855
